week,series,actual,naive_last_week,moving_average_4w,median_8w,ridge_lags_spike_capped
2025-06-30,Total,82.0,104.0,86.25,81.0,91.1
2025-07-07,Total,97.0,82.0,92.25,81.0,75.1
2025-07-14,Total,78.0,97.0,95.75,82.5,75.93
2025-07-21,Total,94.0,78.0,90.25,82.5,75.54
2025-07-28,Total,93.0,94.0,87.75,88.5,77.3
2025-08-04,Total,68.0,93.0,90.5,93.5,85.7
2025-08-11,Total,88.0,68.0,83.25,93.5,70.5
2025-08-18,Total,78.0,88.0,85.75,90.5,73.39
2025-08-25,Total,87.0,78.0,81.75,85.0,78.4
2025-09-01,Total,82.0,87.0,80.25,87.5,79.15
2025-09-08,Total,54.0,82.0,83.75,84.5,79.38
2025-09-15,Total,80.0,54.0,75.25,84.5,63.82
2025-09-22,Total,80.0,80.0,75.75,81.0,68.6
2025-09-29,Total,82.0,80.0,74.0,80.0,80.33
2025-10-06,Total,69.0,82.0,74.0,81.0,79.98
2025-10-13,Total,48.0,69.0,77.75,80.0,71.84
2025-10-20,Total,64.0,48.0,69.75,80.0,58.67
2025-10-27,Total,79.0,64.0,65.75,74.5,63.06
2025-11-03,Total,85.0,79.0,65.0,74.0,77.89
2025-11-10,Total,84.0,85.0,69.0,79.5,82.89
2025-11-17,Total,82.0,84.0,78.0,79.5,79.93
2025-11-24,Total,77.0,82.0,82.5,80.5,76.99
2025-12-01,Total,108.0,77.0,82.0,78.0,73.85
2025-12-08,Total,92.0,108.0,87.75,80.5,88.23
2025-12-15,Total,83.0,92.0,89.75,83.0,88.5
2025-12-22,Total,73.0,83.0,90.0,83.5,75.51
2025-06-30,Credit card,41.0,47.0,35.75,35.0,35.21
2025-07-07,Credit card,48.0,41.0,39.5,37.0,36.49
2025-07-14,Credit card,33.0,48.0,43.0,37.0,35.34
2025-07-21,Credit card,43.0,33.0,42.25,35.0,34.67
2025-07-28,Credit card,33.0,43.0,41.25,38.5,32.79
2025-08-04,Credit card,22.0,33.0,39.25,38.5,34.23
2025-08-11,Credit card,39.0,22.0,32.75,38.5,33.46
2025-08-18,Credit card,37.0,39.0,34.25,40.0,29.58
2025-08-25,Credit card,40.0,37.0,32.75,38.0,35.72
2025-09-01,Credit card,35.0,40.0,34.5,38.0,37.28
2025-09-08,Credit card,30.0,35.0,37.75,36.0,34.61
2025-09-15,Credit card,32.0,30.0,35.5,36.0,33.77
2025-09-22,Credit card,36.0,32.0,34.25,34.0,32.07
2025-09-29,Credit card,34.0,36.0,33.25,35.5,33.72
2025-10-06,Credit card,20.0,34.0,33.0,35.5,35.34
2025-10-13,Credit card,16.0,20.0,30.5,34.5,34.11
2025-10-20,Credit card,31.0,16.0,26.5,33.0,29.5
2025-10-27,Credit card,25.0,31.0,25.25,31.5,30.15
2025-11-03,Credit card,31.0,25.0,23.0,30.5,34.66
2025-11-10,Credit card,32.0,31.0,25.75,31.0,33.93
2025-11-17,Credit card,35.0,32.0,29.75,31.0,33.17
2025-11-24,Credit card,31.0,35.0,30.75,31.0,34.4
2025-12-01,Credit card,40.0,31.0,32.25,31.0,33.98
2025-12-08,Credit card,33.0,40.0,34.5,31.0,33.57
2025-12-15,Credit card,32.0,33.0,34.75,31.5,34.77
2025-12-22,Credit card,26.0,32.0,34.0,32.0,33.66
2025-06-30,Checking / savings,27.0,35.0,32.75,29.5,24.23
2025-07-07,Checking / savings,33.0,27.0,34.0,25.5,21.84
2025-07-14,Checking / savings,31.0,33.0,33.25,30.0,24.89
2025-07-21,Checking / savings,36.0,31.0,31.5,32.0,22.89
2025-07-28,Checking / savings,37.0,36.0,31.75,34.0,28.23
2025-08-04,Checking / savings,27.0,37.0,34.25,35.5,30.0
2025-08-11,Checking / savings,31.0,27.0,32.75,34.0,24.35
2025-08-18,Checking / savings,26.0,31.0,32.75,32.0,28.32
2025-08-25,Checking / savings,28.0,26.0,30.25,31.0,24.6
2025-09-01,Checking / savings,34.0,28.0,28.0,31.0,27.08
2025-09-08,Checking / savings,16.0,34.0,29.75,31.0,30.04
2025-09-15,Checking / savings,33.0,16.0,26.0,29.5,19.84
2025-09-22,Checking / savings,28.0,33.0,27.75,29.5,29.91
2025-09-29,Checking / savings,32.0,28.0,27.75,28.0,25.36
2025-10-06,Checking / savings,23.0,32.0,27.25,29.5,29.14
2025-10-13,Checking / savings,22.0,23.0,29.0,28.0,24.31
2025-10-20,Checking / savings,20.0,22.0,26.25,28.0,24.02
2025-10-27,Checking / savings,41.0,20.0,24.25,25.5,23.05
2025-11-03,Checking / savings,39.0,41.0,26.5,25.5,31.51
2025-11-10,Checking / savings,35.0,39.0,30.5,30.0,31.5
2025-11-17,Checking / savings,28.0,35.0,33.75,30.0,28.65
2025-11-24,Checking / savings,25.0,28.0,35.75,30.0,26.15
2025-12-01,Checking / savings,44.0,25.0,31.75,26.5,24.55
2025-12-08,Checking / savings,42.0,44.0,33.0,31.5,31.55
2025-12-15,Checking / savings,29.0,42.0,34.75,37.0,33.18
2025-12-22,Checking / savings,30.0,29.0,35.0,37.0,26.29
2025-06-30,Money transfer / digital wallet,9.0,18.0,14.0,11.5,15.82
2025-07-07,Money transfer / digital wallet,13.0,9.0,14.0,9.5,9.75
2025-07-14,Money transfer / digital wallet,11.0,13.0,14.75,11.5,13.19
2025-07-21,Money transfer / digital wallet,11.0,11.0,12.75,10.5,13.55
2025-07-28,Money transfer / digital wallet,19.0,11.0,11.0,11.0,9.91
2025-08-04,Money transfer / digital wallet,15.0,19.0,13.5,12.0,15.08
2025-08-11,Money transfer / digital wallet,14.0,15.0,14.0,14.0,14.03
2025-08-18,Money transfer / digital wallet,11.0,14.0,14.75,13.5,12.17
2025-08-25,Money transfer / digital wallet,15.0,11.0,14.75,12.0,13.03
2025-09-01,Money transfer / digital wallet,11.0,15.0,13.75,13.5,13.32
2025-09-08,Money transfer / digital wallet,6.0,11.0,12.75,12.5,12.26
2025-09-15,Money transfer / digital wallet,14.0,6.0,10.75,12.5,7.82
2025-09-22,Money transfer / digital wallet,14.0,14.0,11.5,14.0,11.93
2025-09-29,Money transfer / digital wallet,13.0,14.0,11.25,14.0,12.77
2025-10-06,Money transfer / digital wallet,25.0,13.0,11.75,13.5,10.84
2025-10-13,Money transfer / digital wallet,6.0,25.0,16.5,13.5,17.0
2025-10-20,Money transfer / digital wallet,10.0,6.0,14.5,13.5,11.12
2025-10-27,Money transfer / digital wallet,11.0,10.0,13.5,12.0,9.24
2025-11-03,Money transfer / digital wallet,14.0,11.0,13.0,12.0,12.38
2025-11-10,Money transfer / digital wallet,12.0,14.0,10.25,13.5,11.35
2025-11-17,Money transfer / digital wallet,11.0,12.0,11.75,12.5,11.67
2025-11-24,Money transfer / digital wallet,21.0,11.0,12.0,11.5,10.91
2025-12-01,Money transfer / digital wallet,19.0,21.0,14.5,11.5,15.36
2025-12-08,Money transfer / digital wallet,13.0,19.0,15.75,11.5,16.29
2025-12-15,Money transfer / digital wallet,18.0,13.0,16.0,12.5,12.96
2025-12-22,Money transfer / digital wallet,16.0,18.0,17.75,13.5,15.86
2025-06-30,Prepaid card,5.0,4.0,3.75,2.5,2.71
2025-07-07,Prepaid card,3.0,5.0,4.75,3.0,3.75
2025-07-14,Prepaid card,3.0,3.0,4.75,3.0,2.75
2025-07-21,Prepaid card,4.0,3.0,3.75,3.0,2.85
2025-07-28,Prepaid card,4.0,4.0,3.75,3.5,2.46
2025-08-04,Prepaid card,4.0,4.0,3.5,4.0,2.57
2025-08-11,Prepaid card,4.0,4.0,3.75,4.0,2.94
2025-08-18,Prepaid card,4.0,4.0,4.0,4.0,3.01
2025-08-25,Prepaid card,4.0,4.0,4.0,4.0,3.08
2025-09-01,Prepaid card,2.0,4.0,4.0,4.0,3.14
2025-09-08,Prepaid card,2.0,2.0,3.5,4.0,2.71
2025-09-15,Prepaid card,1.0,2.0,3.0,4.0,2.43
2025-09-22,Prepaid card,2.0,1.0,2.25,4.0,1.62
2025-09-29,Prepaid card,3.0,2.0,1.75,3.0,1.86
2025-10-06,Prepaid card,1.0,3.0,2.0,2.5,2.04
2025-10-13,Prepaid card,4.0,1.0,1.75,2.0,2.05
2025-10-20,Prepaid card,3.0,4.0,2.5,2.0,2.6
2025-10-27,Prepaid card,2.0,3.0,2.75,2.0,2.31
2025-11-03,Prepaid card,1.0,2.0,2.5,2.0,2.78
2025-11-10,Prepaid card,5.0,1.0,2.5,2.0,2.15
2025-11-17,Prepaid card,8.0,5.0,2.75,2.5,2.47
2025-11-24,Prepaid card,0.0,8.0,4.0,3.0,3.03
2025-12-01,Prepaid card,5.0,0.0,3.5,2.5,2.72
2025-12-08,Prepaid card,4.0,5.0,4.5,3.5,3.61
2025-12-15,Prepaid card,4.0,4.0,4.25,3.5,2.06
2025-12-22,Prepaid card,1.0,4.0,3.25,4.0,3.08
