week,Total,Credit card,Checking / savings,Money transfer / digital wallet,Prepaid card
2024-01-01,40,16,15,8,1
2024-01-08,56,23,25,7,1
2024-01-15,47,22,19,3,3
2024-01-22,81,48,23,5,5
2024-01-29,50,26,16,7,1
2024-02-05,76,34,24,11,7
2024-02-12,58,18,27,9,4
2024-02-19,59,36,14,5,4
2024-02-26,50,28,18,1,3
2024-03-04,48,22,20,4,2
2024-03-11,61,28,26,5,2
2024-03-18,51,26,15,9,1
2024-03-25,69,40,17,9,3
2024-04-01,51,24,23,3,1
2024-04-08,69,33,27,8,1
2024-04-15,79,37,27,11,4
2024-04-22,78,39,23,12,4
2024-04-29,72,40,22,7,3
2024-05-06,76,45,24,6,1
2024-05-13,68,26,28,11,3
2024-05-20,56,26,21,8,1
2024-05-27,65,34,22,6,3
2024-06-03,67,19,37,7,4
2024-06-10,76,44,27,4,1
2024-06-17,65,34,22,7,2
2024-06-24,57,24,22,8,3
2024-07-01,58,30,17,9,2
2024-07-08,74,42,24,3,5
2024-07-15,83,47,26,6,4
2024-07-22,76,42,22,10,2
2024-07-29,75,38,27,4,6
2024-08-05,66,33,26,6,1
2024-08-12,64,29,24,8,3
2024-08-19,80,51,24,4,1
2024-08-26,69,32,27,7,3
2024-09-02,78,54,19,3,2
2024-09-09,55,31,21,2,1
2024-09-16,58,29,23,6,0
2024-09-23,75,42,26,6,1
2024-09-30,58,31,22,4,1
2024-10-07,69,40,21,7,1
2024-10-14,54,24,21,8,1
2024-10-21,50,21,22,7,0
2024-10-28,62,37,22,3,0
2024-11-04,58,33,22,2,1
2024-11-11,76,35,30,8,3
2024-11-18,65,38,20,6,1
2024-11-25,49,23,18,6,2
2024-12-02,88,43,29,12,4
2024-12-09,55,15,24,15,1
2024-12-16,71,34,18,16,3
2024-12-23,44,20,14,7,3
2024-12-30,52,33,13,5,1
2025-01-06,66,36,18,10,2
2025-01-13,794,49,175,569,1
2025-01-20,235,39,58,138,0
2025-01-27,123,47,32,40,4
2025-02-03,102,36,33,30,3
2025-02-10,74,30,21,22,1
2025-02-17,66,29,20,15,2
2025-02-24,84,46,17,18,3
2025-03-03,50,16,22,9,3
2025-03-10,68,27,22,18,1
2025-03-17,62,32,25,4,1
2025-03-24,62,28,21,12,1
2025-03-31,58,28,22,7,1
2025-04-07,70,32,26,10,2
2025-04-14,55,23,19,13,0
2025-04-21,71,38,19,12,2
2025-04-28,79,42,25,8,4
2025-05-05,82,33,36,13,0
2025-05-12,70,41,19,9,1
2025-05-19,80,38,24,16,2
2025-05-26,58,25,22,8,3
2025-06-02,58,26,22,9,1
2025-06-09,83,34,36,10,3
2025-06-16,100,36,38,19,7
2025-06-23,104,47,35,18,4
2025-06-30,82,41,27,9,5
2025-07-07,97,48,33,13,3
2025-07-14,78,33,31,11,3
2025-07-21,94,43,36,11,4
2025-07-28,93,33,37,19,4
2025-08-04,68,22,27,15,4
2025-08-11,88,39,31,14,4
2025-08-18,78,37,26,11,4
2025-08-25,87,40,28,15,4
2025-09-01,82,35,34,11,2
2025-09-08,54,30,16,6,2
2025-09-15,80,32,33,14,1
2025-09-22,80,36,28,14,2
2025-09-29,82,34,32,13,3
2025-10-06,69,20,23,25,1
2025-10-13,48,16,22,6,4
2025-10-20,64,31,20,10,3
2025-10-27,79,25,41,11,2
2025-11-03,85,31,39,14,1
2025-11-10,84,32,35,12,5
2025-11-17,82,35,28,11,8
2025-11-24,77,31,25,21,0
2025-12-01,108,40,44,19,5
2025-12-08,92,33,42,13,4
2025-12-15,83,32,29,18,4
2025-12-22,73,26,30,16,1
