,missing_rows,missing_pct
tags,6840,82.6186737528687
company_public_response,4798,57.95385916173451
consumer_complaint_narrative,3370,40.70539920280227
sub_issue,1788,21.59681120908322
product,0,0.0
date_sent_to_company,0,0.0
response_group,0,0.0
cfpb_routing_days,0,0.0
timely_response,0,0.0
has_narrative,0,0.0
product_group,0,0.0
month,0,0.0
year,0,0.0
company_response_to_consumer,0,0.0
date_received,0,0.0
complaint_id,0,0.0
sub_product,0,0.0
submitted_via,0,0.0
zip_code,0,0.0
state,0,0.0
company,0,0.0
issue,0,0.0
relief_response,0,0.0
