month,product_group,complaints
2024-01,Checking / savings,88
2024-01,Credit card,122
2024-01,Money transfer / digital wallet,27
2024-01,Prepaid card,11
2024-02,Checking / savings,85
2024-02,Credit card,121
2024-02,Money transfer / digital wallet,28
2024-02,Prepaid card,18
2024-03,Checking / savings,86
2024-03,Credit card,124
2024-03,Money transfer / digital wallet,28
2024-03,Prepaid card,8
2024-04,Checking / savings,108
2024-04,Credit card,150
2024-04,Money transfer / digital wallet,35
2024-04,Prepaid card,10
2024-05,Checking / savings,107
2024-05,Credit card,143
2024-05,Money transfer / digital wallet,34
2024-05,Prepaid card,10
2024-06,Checking / savings,110
2024-06,Credit card,132
2024-06,Money transfer / digital wallet,29
2024-06,Prepaid card,11
2024-07,Checking / savings,102
2024-07,Credit card,183
2024-07,Money transfer / digital wallet,29
2024-07,Prepaid card,18
2024-08,Checking / savings,115
2024-08,Credit card,157
2024-08,Money transfer / digital wallet,28
2024-08,Prepaid card,9
2024-09,Checking / savings,92
2024-09,Credit card,167
2024-09,Money transfer / digital wallet,17
2024-09,Prepaid card,5
2024-10,Checking / savings,103
2024-10,Credit card,139
2024-10,Money transfer / digital wallet,28
2024-10,Prepaid card,2
2024-11,Checking / savings,92
2024-11,Credit card,134
2024-11,Money transfer / digital wallet,22
2024-11,Prepaid card,7
2024-12,Checking / savings,91
2024-12,Credit card,126
2024-12,Money transfer / digital wallet,54
2024-12,Prepaid card,11
2025-01,Checking / savings,281
2025-01,Credit card,187
2025-01,Money transfer / digital wallet,753
2025-01,Prepaid card,8
2025-02,Checking / savings,100
2025-02,Credit card,138
2025-02,Money transfer / digital wallet,87
2025-02,Prepaid card,9
2025-03,Checking / savings,93
2025-03,Credit card,116
2025-03,Money transfer / digital wallet,48
2025-03,Prepaid card,6
2025-04,Checking / savings,94
2025-04,Credit card,135
2025-04,Money transfer / digital wallet,44
2025-04,Prepaid card,6
2025-05,Checking / savings,114
2025-05,Credit card,158
2025-05,Money transfer / digital wallet,51
2025-05,Prepaid card,9
2025-06,Checking / savings,136
2025-06,Credit card,155
2025-06,Money transfer / digital wallet,56
2025-06,Prepaid card,16
2025-07,Checking / savings,145
2025-07,Credit card,171
2025-07,Money transfer / digital wallet,56
2025-07,Prepaid card,16
2025-08,Checking / savings,127
2025-08,Credit card,155
2025-08,Money transfer / digital wallet,62
2025-08,Prepaid card,18
2025-09,Checking / savings,124
2025-09,Credit card,150
2025-09,Money transfer / digital wallet,51
2025-09,Prepaid card,7
2025-10,Checking / savings,116
2025-10,Credit card,107
2025-10,Money transfer / digital wallet,58
2025-10,Prepaid card,13
2025-11,Checking / savings,136
2025-11,Credit card,131
2025-11,Money transfer / digital wallet,59
2025-11,Prepaid card,14
2025-12,Checking / savings,162
2025-12,Credit card,157
2025-12,Money transfer / digital wallet,74
2025-12,Prepaid card,14
