company,issue,complaints
"Block, Inc.",Other transaction problem,306
"Early Warning Services, LLC",Other transaction problem,299
"Early Warning Services, LLC",Confusing or missing disclosures,18
"Early Warning Services, LLC",Fraud or scam,18
"Block, Inc.",Other service problem,12
"Early Warning Services, LLC",Unauthorized transactions or other transaction problem,9
"Block, Inc.",Unauthorized transactions or other transaction problem,8
"Block, Inc.",Fraud or scam,5
"Early Warning Services, LLC",Other service problem,5
JPMORGAN CHASE & CO.,Unauthorized transactions or other transaction problem,4
"Paypal Holdings, Inc",Unauthorized transactions or other transaction problem,4
ROBINHOOD MARKETS INC.,Other transaction problem,4
WELLS FARGO & COMPANY,Other transaction problem,4
"BANK OF AMERICA, NATIONAL ASSOCIATION",Other transaction problem,3
"Early Warning Services, LLC",Wrong amount charged or received,3
JPMORGAN CHASE & CO.,Confusing or missing disclosures,3
"Paypal Holdings, Inc",Fraud or scam,3
WELLS FARGO & COMPANY,Fraud or scam,3
"BANK OF AMERICA, NATIONAL ASSOCIATION",Fraud or scam,2
"BANK OF AMERICA, NATIONAL ASSOCIATION",Unauthorized transactions or other transaction problem,2
"Block, Inc.",Confusing or missing disclosures,2
"Block, Inc.",Trouble accessing funds in your mobile or digital wallet,2
"Early Warning Services, LLC",Confusing or misleading advertising or marketing,2
WELLS FARGO & COMPANY,Confusing or missing disclosures,2
WELLS FARGO & COMPANY,Unauthorized transactions or other transaction problem,2
"BANK OF AMERICA, NATIONAL ASSOCIATION",Confusing or missing disclosures,1
"BANK OF AMERICA, NATIONAL ASSOCIATION",Unexpected or other fees,1
"Block, Inc.","Managing, opening, or closing your mobile wallet account",1
CAPITAL ONE FINANCIAL CORPORATION,Money was not available when promised,1
"Certegy Holdings, LLC",Fraud or scam,1
Chime Financial Inc,Money was not available when promised,1
"Coinbase, Inc.",Other transaction problem,1
"EQUIFAX, INC.",Other transaction problem,1
"Early Warning Services, LLC",Money was not available when promised,1
"Early Warning Services, LLC",Trouble accessing funds in your mobile or digital wallet,1
"Early Warning Services, LLC",Unexpected or other fees,1
FIFTH THIRD FINANCIAL CORPORATION,Fraud or scam,1
FinCo Services Inc DBA Current,Trouble accessing funds in your mobile or digital wallet,1
GOLDMAN SACHS BANK USA,Money was not available when promised,1
JPMORGAN CHASE & CO.,Fraud or scam,1
JPMORGAN CHASE & CO.,Other transaction problem,1
JPMORGAN CHASE & CO.,Problem with customer service,1
MONEYGRAM PAYMENT SYSTEMS WORLDWIDE INC,Lost or stolen money order,1
NAVY FEDERAL CREDIT UNION,Fraud or scam,1
NAVY FEDERAL CREDIT UNION,Other transaction problem,1
"Paypal Holdings, Inc",Other transaction problem,1
Payward Ventures Inc. dba Kraken,Other service problem,1
"Ria Envia, LLC",Fraud or scam,1
"SOFI TECHNOLOGIES, INC.",Money was not available when promised,1
UNITED SERVICES AUTOMOBILE ASSOCIATION,Other transaction problem,1
WELLS FARGO & COMPANY,Trouble accessing funds in your mobile or digital wallet,1
Winklevoss Exchange LLC,Other transaction problem,1
ZIONS BANCORPORATION,Unauthorized transactions or other transaction problem,1
