product_group,issue,complaints,issue_rank
Checking / savings,Managing an account,1655,1
Checking / savings,Problem with a lender or other company charging your account,371,2
Checking / savings,Closing an account,370,3
Credit card,Problem with a purchase shown on your statement,703,1
Credit card,Incorrect information on your report,624,2
Credit card,Getting a credit card,418,3
Money transfer / digital wallet,Other transaction problem,866,1
Money transfer / digital wallet,Fraud or scam,367,2
Money transfer / digital wallet,Unauthorized transactions or other transaction problem,154,3
Prepaid card,Trouble using the card,126,1
Prepaid card,Problem with a purchase or transfer,62,2
Prepaid card,Problem getting a card or closing an account,40,3
