issue,complaints,share_pct
Managing an account,1655,19.99
Other transaction problem,866,10.46
Problem with a purchase shown on your statement,703,8.49
Incorrect information on your report,626,7.56
Getting a credit card,418,5.05
Problem with a lender or other company charging your account,371,4.48
Closing an account,370,4.47
Fraud or scam,367,4.43
"Other features, terms, or problems",361,4.36
Problem with a company's investigation into an existing problem,349,4.22
Fees or interest,302,3.65
Closing your account,235,2.84
